name,implementation,object,trials,seconds_per_trial,median_receiver_gbps,min_receiver_gbps,max_receiver_gbps,median_rx_mpps,oracle_passed,receiver_gbps_samples,rx_packet_samples,rx_mpps_samples,retransmits_samples
kernelscript_port,kernelscript,results/build/external_port/ks_xdp_tutorial_basic03/xdp_tutorial_basic03.ebpf.o,5,1,16.14724711664286,0.020933985364241917,17.385214719919468,1.399318742570598,True,13.957826972076154 0.020933985364241917 17.385214719919468 16.14724711664286 17.05621335016191,1214560 1899 1510640 1400844 1482425,1.2112134173279228 0.001895601187071581 1.508622971087656 1.399318742570598 1.4802475558453514,0 2 0 22 0
external_c,original_external_c,results/build/external_port/external_c/xdp_prog_kern.o,5,1,16.07888171742582,6.187911406290273,17.667164464007367,1.3965560080267345,True,15.268062527728594 16.07888171742582 17.667164464007367 6.187911406290273 16.411612674425108,1324072 1399560 1535502 537803 1425888,1.3230506049329918 1.3965560080267345 1.5332925254707965 0.5372796895823468 1.4236443365256355,36 166 4 15 0
