{
  "comparison": {
    "c_median_event_rate_mps": 1.1331741704062428,
    "delta_mps": -0.0035732084829227517,
    "ks_median_event_rate_mps": 1.12960096192332,
    "ks_over_c_ratio": 0.9968467261465713,
    "overhead_pct": 0.31532738534286897
  },
  "description": "perf_event page-fault map-counter workload using one libbpf runner for KernelScript-generated and hand-written C/eBPF objects",
  "pages": 65536,
  "rounds": 4,
  "rows": [
    {
      "bpf_count_samples": [
        262147,
        262147,
        262147,
        262147,
        262147,
        262147,
        262147,
        262147,
        262147,
        262147
      ],
      "elapsed_sec_samples": [
        0.23846416,
        0.232910161,
        0.231059179,
        0.233176241,
        0.231817115,
        0.23136856,
        0.232324333,
        0.23003978,
        0.233409001,
        0.230659748
      ],
      "event_rate_mps_samples": [
        1.0993140436701263,
        1.1255283963330394,
        1.134544843163318,
        1.1242440433714687,
        1.1308354001385963,
        1.1330277545056253,
        1.128366523708044,
        1.1395724687269306,
        1.1231229253236896,
        1.1365095222422597
      ],
      "implementation": "kernelscript",
      "max_event_rate_mps": 1.1395724687269306,
      "median_bpf_count": 262147.0,
      "median_elapsed_sec": 0.232070724,
      "median_event_rate_mps": 1.12960096192332,
      "median_perf_count": 262147.0,
      "min_event_rate_mps": 1.0993140436701263,
      "name": "ks_generated",
      "object": "results/build/perf_event_counter/kernelscript/perf_event_count.ebpf.o",
      "oracle_passed": true,
      "pages": 65536,
      "perf_count_samples": [
        262147,
        262147,
        262147,
        262147,
        262147,
        262147,
        262147,
        262147,
        262147,
        262147
      ],
      "returncodes": [
        0,
        0,
        0,
        0,
        0,
        0,
        0,
        0,
        0,
        0
      ],
      "rounds": 4,
      "trials": 10
    },
    {
      "bpf_count_samples": [
        262147,
        262147,
        262147,
        262147,
        262147,
        262147,
        262147,
        262147,
        262147,
        262147
      ],
      "elapsed_sec_samples": [
        0.230417215,
        0.231992714,
        0.231567453,
        0.230485055,
        0.231089965,
        0.228610826,
        0.231619138,
        0.232750348,
        0.232176396,
        0.231110329
      ],
      "event_rate_mps_samples": [
        1.1377057916440836,
        1.1299794527167781,
        1.1320545983636137,
        1.1373709241147978,
        1.134393698142626,
        1.1466954762676025,
        1.131801984342071,
        1.1263012160995782,
        1.1290854906714978,
        1.1342937424488717
      ],
      "implementation": "handwritten_c",
      "max_event_rate_mps": 1.1466954762676025,
      "median_bpf_count": 262147.0,
      "median_elapsed_sec": 0.231338891,
      "median_event_rate_mps": 1.1331741704062428,
      "median_perf_count": 262147.0,
      "min_event_rate_mps": 1.1263012160995782,
      "name": "c_libbpf",
      "object": "results/build/perf_event_counter/handwritten/perf_event_count.o",
      "oracle_passed": true,
      "pages": 65536,
      "perf_count_samples": [
        262147,
        262147,
        262147,
        262147,
        262147,
        262147,
        262147,
        262147,
        262147,
        262147
      ],
      "returncodes": [
        0,
        0,
        0,
        0,
        0,
        0,
        0,
        0,
        0,
        0
      ],
      "rounds": 4,
      "trials": 10
    }
  ],
  "status": "ok",
  "trials": 10
}
