name,implementation,binary,trials,median_page_fault_count,median_branch_miss_count,min_elapsed_sec,median_elapsed_sec,p90_elapsed_sec,max_elapsed_sec,median_lifecycle_invocations_per_sec,oracle_passed,returncodes,attached_samples,detached_samples,page_fault_count_samples,branch_miss_count_samples,elapsed_sec_samples
ks_generated,kernelscript,results/build/perf_event_loader/kernelscript/perf_page_fault,20,9.0,2.0,0.013027497999701154,0.015653770500193787,0.02056026409986771,0.02400744000033228,63.88237261991419,True,0 0 0 0 0 0 0 0 0 0 0 0 0 0 0 0 0 0 0 0,True True True True True True True True True True True True True True True True True True True True,True True True True True True True True True True True True True True True True True True True True,9 9 9 9 9 9 9 9 9 9 9 9 9 9 9 9 9 9 9 9,27 3 2 12 4 2 2 2 2 3 1 2 5 2 4 3 1 2 1 4,0.02400744000033228 0.019627750999916316 0.021989095999742858 0.02040150499988158 0.017970892999983334 0.015651955000066664 0.015803669999968406 0.01565558600032091 0.015257623999787029 0.013027497999701154 0.014899036999850068 0.014500294000299618 0.014477429000180564 0.014786300000196206 0.01333980400022483 0.01507863400001952 0.017998196999997162 0.01622538900028303 0.01783843799967144 0.015038256000025285
c_libbpf,handwritten_c,results/build/perf_event_loader/handwritten/perf_event_loader_baseline,20,2.0,683.0,0.016217472999869642,0.0182307494997076,0.021060084099963208,0.027063644000008935,54.85238004153581,True,0 0 0 0 0 0 0 0 0 0 0 0 0 0 0 0 0 0 0 0,True True True True True True True True True True True True True True True True True True True True,True True True True True True True True True True True True True True True True True True True True,2 2 2 2 2 2 2 2 2 2 2 2 2 2 2 2 2 2 2 2,614 619 592 691 53 74 6208 526 1517 590 583 633 719 1474 1181 1144 1420 803 871 675,0.01694865099989329 0.018483018000097218 0.016951751000306103 0.01989797699980045 0.019914337000045634 0.016779173000031733 0.01978680699994584 0.016379080999740836 0.016217472999869642 0.02291607400002249 0.01668382699972426 0.01831225599971731 0.027063644000008935 0.017300912999871798 0.01838228100041306 0.018742679000297358 0.017181701000026806 0.02085386299995662 0.01814924299969789 0.016898044999834383
