{
  "comparison": {
    "elapsed_overhead_pct": -14.135343144038837,
    "ks_over_c_elapsed_ratio": 0.8586465685596116,
    "ks_over_c_rate_ratio": 1.1646235326806351
  },
  "description": "privileged perf_event generated-loader lifecycle latency check with a hand-written C/libbpf loader baseline",
  "latency_scope": "end-to-end process invocation around load, attach, counter read, detach, and teardown",
  "rows": [
    {
      "attached_samples": [
        true,
        true,
        true,
        true,
        true,
        true,
        true,
        true,
        true,
        true,
        true,
        true,
        true,
        true,
        true,
        true,
        true,
        true,
        true,
        true
      ],
      "binary": "results/build/perf_event_loader/kernelscript/perf_page_fault",
      "branch_miss_count_samples": [
        27,
        3,
        2,
        12,
        4,
        2,
        2,
        2,
        2,
        3,
        1,
        2,
        5,
        2,
        4,
        3,
        1,
        2,
        1,
        4
      ],
      "detached_samples": [
        true,
        true,
        true,
        true,
        true,
        true,
        true,
        true,
        true,
        true,
        true,
        true,
        true,
        true,
        true,
        true,
        true,
        true,
        true,
        true
      ],
      "elapsed_sec_samples": [
        0.02400744000033228,
        0.019627750999916316,
        0.021989095999742858,
        0.02040150499988158,
        0.017970892999983334,
        0.015651955000066664,
        0.015803669999968406,
        0.01565558600032091,
        0.015257623999787029,
        0.013027497999701154,
        0.014899036999850068,
        0.014500294000299618,
        0.014477429000180564,
        0.014786300000196206,
        0.01333980400022483,
        0.01507863400001952,
        0.017998196999997162,
        0.01622538900028303,
        0.01783843799967144,
        0.015038256000025285
      ],
      "implementation": "kernelscript",
      "max_elapsed_sec": 0.02400744000033228,
      "median_branch_miss_count": 2.0,
      "median_elapsed_sec": 0.015653770500193787,
      "median_lifecycle_invocations_per_sec": 63.88237261991419,
      "median_page_fault_count": 9.0,
      "min_elapsed_sec": 0.013027497999701154,
      "name": "ks_generated",
      "oracle_passed": true,
      "p90_elapsed_sec": 0.02056026409986771,
      "page_fault_count_samples": [
        9,
        9,
        9,
        9,
        9,
        9,
        9,
        9,
        9,
        9,
        9,
        9,
        9,
        9,
        9,
        9,
        9,
        9,
        9,
        9
      ],
      "returncodes": [
        0,
        0,
        0,
        0,
        0,
        0,
        0,
        0,
        0,
        0,
        0,
        0,
        0,
        0,
        0,
        0,
        0,
        0,
        0,
        0
      ],
      "trials": 20
    },
    {
      "attached_samples": [
        true,
        true,
        true,
        true,
        true,
        true,
        true,
        true,
        true,
        true,
        true,
        true,
        true,
        true,
        true,
        true,
        true,
        true,
        true,
        true
      ],
      "binary": "results/build/perf_event_loader/handwritten/perf_event_loader_baseline",
      "branch_miss_count_samples": [
        614,
        619,
        592,
        691,
        53,
        74,
        6208,
        526,
        1517,
        590,
        583,
        633,
        719,
        1474,
        1181,
        1144,
        1420,
        803,
        871,
        675
      ],
      "detached_samples": [
        true,
        true,
        true,
        true,
        true,
        true,
        true,
        true,
        true,
        true,
        true,
        true,
        true,
        true,
        true,
        true,
        true,
        true,
        true,
        true
      ],
      "elapsed_sec_samples": [
        0.01694865099989329,
        0.018483018000097218,
        0.016951751000306103,
        0.01989797699980045,
        0.019914337000045634,
        0.016779173000031733,
        0.01978680699994584,
        0.016379080999740836,
        0.016217472999869642,
        0.02291607400002249,
        0.01668382699972426,
        0.01831225599971731,
        0.027063644000008935,
        0.017300912999871798,
        0.01838228100041306,
        0.018742679000297358,
        0.017181701000026806,
        0.02085386299995662,
        0.01814924299969789,
        0.016898044999834383
      ],
      "implementation": "handwritten_c",
      "max_elapsed_sec": 0.027063644000008935,
      "median_branch_miss_count": 683.0,
      "median_elapsed_sec": 0.0182307494997076,
      "median_lifecycle_invocations_per_sec": 54.85238004153581,
      "median_page_fault_count": 2.0,
      "min_elapsed_sec": 0.016217472999869642,
      "name": "c_libbpf",
      "oracle_passed": true,
      "p90_elapsed_sec": 0.021060084099963208,
      "page_fault_count_samples": [
        2,
        2,
        2,
        2,
        2,
        2,
        2,
        2,
        2,
        2,
        2,
        2,
        2,
        2,
        2,
        2,
        2,
        2,
        2,
        2
      ],
      "returncodes": [
        0,
        0,
        0,
        0,
        0,
        0,
        0,
        0,
        0,
        0,
        0,
        0,
        0,
        0,
        0,
        0,
        0,
        0,
        0,
        0
      ],
      "trials": 20
    }
  ],
  "status": "ok",
  "trials": 20
}
