name,implementation,object,trials,pages,rounds,median_bpf_count,median_perf_count,median_elapsed_sec,median_event_rate_mps,min_event_rate_mps,max_event_rate_mps,oracle_passed,returncodes,bpf_count_samples,perf_count_samples,elapsed_sec_samples,event_rate_mps_samples
ks_generated,kernelscript,results/build/perf_event_counter/kernelscript/perf_event_count.ebpf.o,10,65536,4,262147.0,262147.0,0.2572408275,1.019086771629503,0.988670841468684,1.0416152566471022,True,0 0 0 0 0 0 0 0 0 0,262147 262147 262147 262147 262147 262147 262147 262147 262147 262147,262147 262147 262147 262147 262147 262147 262147 262147 262147 262147,0.265150937 0.261953605 0.261899161 0.258210431 0.252111758 0.251673541 0.256271224 0.258632909 0.255843584 0.252093808,0.988670841468684 1.0007382795896245 1.0009463146008322 1.015245584714585 1.0398047361202407 1.0416152566471022 1.0229279585444209 1.0135871765646034 1.024637772428954 1.0398787740157427
c_libbpf,handwritten_c,results/build/perf_event_counter/handwritten/perf_event_count.o,10,65536,4,262147.0,262147.0,0.248916162,1.0531746833821303,1.0260213900530137,1.0778857717145607,True,0 0 0 0 0 0 0 0 0 0,262147 262147 262147 262147 262147 262147 262147 262147 262147 262147,262147 262147 262147 262147 262147 262147 262147 262147 262147 262147,0.24504644 0.255498572 0.243204806 0.250059699 0.247807543 0.251974838 0.246552862 0.250024781 0.247643688 0.255397614,1.0697849762681717 1.0260213900530137 1.0778857717145607 1.0483376611598656 1.0578652966992212 1.0403697531100309 1.0632486594294737 1.048484070065039 1.0585652399103342 1.0264269735895026
