{
  "comparison": {
    "c_median_event_rate_mps": 1.0531746833821303,
    "delta_mps": -0.034087911752627376,
    "ks_median_event_rate_mps": 1.019086771629503,
    "ks_over_c_ratio": 0.9676331834685215,
    "overhead_pct": 3.236681653147851
  },
  "description": "perf_event page-fault map-counter workload using one libbpf runner for KernelScript-generated and hand-written C/eBPF objects",
  "pages": 65536,
  "rounds": 4,
  "rows": [
    {
      "bpf_count_samples": [
        262147,
        262147,
        262147,
        262147,
        262147,
        262147,
        262147,
        262147,
        262147,
        262147
      ],
      "elapsed_sec_samples": [
        0.265150937,
        0.261953605,
        0.261899161,
        0.258210431,
        0.252111758,
        0.251673541,
        0.256271224,
        0.258632909,
        0.255843584,
        0.252093808
      ],
      "event_rate_mps_samples": [
        0.988670841468684,
        1.0007382795896245,
        1.0009463146008322,
        1.015245584714585,
        1.0398047361202407,
        1.0416152566471022,
        1.0229279585444209,
        1.0135871765646034,
        1.024637772428954,
        1.0398787740157427
      ],
      "implementation": "kernelscript",
      "max_event_rate_mps": 1.0416152566471022,
      "median_bpf_count": 262147.0,
      "median_elapsed_sec": 0.2572408275,
      "median_event_rate_mps": 1.019086771629503,
      "median_perf_count": 262147.0,
      "min_event_rate_mps": 0.988670841468684,
      "name": "ks_generated",
      "object": "results/build/perf_event_counter/kernelscript/perf_event_count.ebpf.o",
      "oracle_passed": true,
      "pages": 65536,
      "perf_count_samples": [
        262147,
        262147,
        262147,
        262147,
        262147,
        262147,
        262147,
        262147,
        262147,
        262147
      ],
      "returncodes": [
        0,
        0,
        0,
        0,
        0,
        0,
        0,
        0,
        0,
        0
      ],
      "rounds": 4,
      "trials": 10
    },
    {
      "bpf_count_samples": [
        262147,
        262147,
        262147,
        262147,
        262147,
        262147,
        262147,
        262147,
        262147,
        262147
      ],
      "elapsed_sec_samples": [
        0.24504644,
        0.255498572,
        0.243204806,
        0.250059699,
        0.247807543,
        0.251974838,
        0.246552862,
        0.250024781,
        0.247643688,
        0.255397614
      ],
      "event_rate_mps_samples": [
        1.0697849762681717,
        1.0260213900530137,
        1.0778857717145607,
        1.0483376611598656,
        1.0578652966992212,
        1.0403697531100309,
        1.0632486594294737,
        1.048484070065039,
        1.0585652399103342,
        1.0264269735895026
      ],
      "implementation": "handwritten_c",
      "max_event_rate_mps": 1.0778857717145607,
      "median_bpf_count": 262147.0,
      "median_elapsed_sec": 0.248916162,
      "median_event_rate_mps": 1.0531746833821303,
      "median_perf_count": 262147.0,
      "min_event_rate_mps": 1.0260213900530137,
      "name": "c_libbpf",
      "object": "results/build/perf_event_counter/handwritten/perf_event_count.o",
      "oracle_passed": true,
      "pages": 65536,
      "perf_count_samples": [
        262147,
        262147,
        262147,
        262147,
        262147,
        262147,
        262147,
        262147,
        262147,
        262147
      ],
      "returncodes": [
        0,
        0,
        0,
        0,
        0,
        0,
        0,
        0,
        0,
        0
      ],
      "rounds": 4,
      "trials": 10
    }
  ],
  "status": "ok",
  "trials": 10
}
