{
  "comparison": {
    "elapsed_overhead_pct": -26.955984228378494,
    "ks_over_c_elapsed_ratio": 0.7304401577162151,
    "ks_over_c_rate_ratio": 1.369037544604047
  },
  "description": "privileged perf_event generated-loader lifecycle latency check with a hand-written C/libbpf loader baseline",
  "latency_scope": "end-to-end process invocation around load, attach, counter read, detach, and teardown",
  "rows": [
    {
      "attached_samples": [
        true,
        true,
        true,
        true,
        true,
        true,
        true,
        true,
        true,
        true,
        true,
        true,
        true,
        true,
        true,
        true,
        true,
        true,
        true,
        true
      ],
      "binary": "results/build/perf_event_loader/kernelscript/perf_page_fault",
      "branch_miss_count_samples": [
        108,
        101,
        15,
        112,
        31,
        21,
        89,
        67,
        125,
        45,
        73,
        66,
        18,
        6,
        11,
        7,
        3,
        10,
        5,
        33
      ],
      "detached_samples": [
        true,
        true,
        true,
        true,
        true,
        true,
        true,
        true,
        true,
        true,
        true,
        true,
        true,
        true,
        true,
        true,
        true,
        true,
        true,
        true
      ],
      "elapsed_sec_samples": [
        0.04390187899980447,
        0.04578645099991263,
        0.015305244000046514,
        0.05085867499997221,
        0.01108665300012035,
        0.022169848999965325,
        0.0189275440000074,
        0.011665862999961973,
        0.009799021000162611,
        0.011341758000071422,
        0.010336135999978069,
        0.011068669999986014,
        0.01072592699983943,
        0.0113196350000635,
        0.009332130000075267,
        0.00902644099983263,
        0.009768258999883983,
        0.008873653000136983,
        0.010196860999940327,
        0.008605074999877615
      ],
      "implementation": "kernelscript",
      "max_elapsed_sec": 0.05085867499997221,
      "median_branch_miss_count": 32.0,
      "median_elapsed_sec": 0.011077661500053182,
      "median_lifecycle_invocations_per_sec": 90.27175997345641,
      "median_page_fault_count": 9.0,
      "min_elapsed_sec": 0.008605074999877615,
      "name": "ks_generated",
      "oracle_passed": true,
      "p90_elapsed_sec": 0.04409033619981528,
      "page_fault_count_samples": [
        9,
        9,
        9,
        9,
        9,
        9,
        9,
        9,
        9,
        9,
        9,
        9,
        9,
        9,
        9,
        9,
        9,
        9,
        9,
        9
      ],
      "returncodes": [
        0,
        0,
        0,
        0,
        0,
        0,
        0,
        0,
        0,
        0,
        0,
        0,
        0,
        0,
        0,
        0,
        0,
        0,
        0,
        0
      ],
      "trials": 20
    },
    {
      "attached_samples": [
        true,
        true,
        true,
        true,
        true,
        true,
        true,
        true,
        true,
        true,
        true,
        true,
        true,
        true,
        true,
        true,
        true,
        true,
        true,
        true
      ],
      "binary": "results/build/perf_event_loader/handwritten/perf_event_loader_baseline",
      "branch_miss_count_samples": [
        416,
        279,
        244,
        40,
        252,
        38593,
        128,
        309,
        498,
        38886,
        599,
        701,
        144,
        333,
        109529,
        47811,
        16431,
        93004,
        174323,
        57009
      ],
      "detached_samples": [
        true,
        true,
        true,
        true,
        true,
        true,
        true,
        true,
        true,
        true,
        true,
        true,
        true,
        true,
        true,
        true,
        true,
        true,
        true,
        true
      ],
      "elapsed_sec_samples": [
        0.011612030999913259,
        0.012376777000099537,
        0.01335021299996697,
        0.012320692999992389,
        0.04028035199985425,
        0.013091442000131792,
        0.04069124600005125,
        0.014704658000027848,
        0.016491624000082084,
        0.015345039000067118,
        0.013395756999898367,
        0.01601786999981414,
        0.015334684999970705,
        0.014996784000004482,
        0.03802033500005564,
        0.013753602000178944,
        0.04302221400007511,
        0.01551857099980225,
        0.017190044000017224,
        0.012965173000111463
      ],
      "implementation": "handwritten_c",
      "max_elapsed_sec": 0.04302221400007511,
      "median_branch_miss_count": 548.5,
      "median_elapsed_sec": 0.015165734499987593,
      "median_lifecycle_invocations_per_sec": 65.93811859233182,
      "median_page_fault_count": 2.0,
      "min_elapsed_sec": 0.011612030999913259,
      "name": "c_libbpf",
      "oracle_passed": true,
      "p90_elapsed_sec": 0.04032144139987395,
      "page_fault_count_samples": [
        2,
        2,
        2,
        2,
        2,
        2,
        2,
        2,
        2,
        2,
        2,
        2,
        2,
        2,
        2,
        2,
        2,
        2,
        2,
        2
      ],
      "returncodes": [
        0,
        0,
        0,
        0,
        0,
        0,
        0,
        0,
        0,
        0,
        0,
        0,
        0,
        0,
        0,
        0,
        0,
        0,
        0,
        0
      ],
      "trials": 20
    }
  ],
  "status": "ok",
  "trials": 20
}
