{
  "comparison": {
    "c_median_event_rate_mps": 2.1776789095,
    "delta_mps": -0.08472973699999997,
    "ks_median_event_rate_mps": 2.0929491725,
    "ks_over_c_ratio": 0.9610917217270318,
    "overhead_pct": 3.8908278272968215
  },
  "description": "XDP ring-buffer event emission workload using one libbpf runner for KernelScript-generated and hand-written C/eBPF objects",
  "poll_every": 128,
  "rows": [
    {
      "bad_marker_samples": [
        0,
        0,
        0,
        0,
        0,
        0,
        0,
        0,
        0,
        0
      ],
      "bad_retval_samples": [
        0,
        0,
        0,
        0,
        0,
        0,
        0,
        0,
        0,
        0
      ],
      "bad_size_samples": [
        0,
        0,
        0,
        0,
        0,
        0,
        0,
        0,
        0,
        0
      ],
      "dropped_samples": [
        0,
        0,
        0,
        0,
        0,
        0,
        0,
        0,
        0,
        0
      ],
      "elapsed_sec_samples": [
        0.024580479,
        0.023592302,
        0.024700071,
        0.023890506,
        0.023815004,
        0.023835466,
        0.024306341,
        0.023888963,
        0.023866689,
        0.024096164
      ],
      "event_rate_mps_samples": [
        2.034134485,
        2.119335366,
        2.024285679,
        2.092881582,
        2.099516758,
        2.097714389,
        2.057076382,
        2.093016763,
        2.094970107,
        2.075019078
      ],
      "implementation": "kernelscript",
      "max_event_rate_mps": 2.119335366,
      "median_dropped": 0.0,
      "median_elapsed_sec": 0.0238897345,
      "median_event_rate_mps": 2.0929491725,
      "median_received": 50000.0,
      "median_submitted": 50000.0,
      "min_event_rate_mps": 2.024285679,
      "name": "ks_generated",
      "object": "results/build/ringbuf_workload/kernelscript/ringbuf_emit.ebpf.o",
      "oracle_passed": true,
      "poll_every": 128,
      "received_samples": [
        50000,
        50000,
        50000,
        50000,
        50000,
        50000,
        50000,
        50000,
        50000,
        50000
      ],
      "returncodes": [
        0,
        0,
        0,
        0,
        0,
        0,
        0,
        0,
        0,
        0
      ],
      "run_error_samples": [
        0,
        0,
        0,
        0,
        0,
        0,
        0,
        0,
        0,
        0
      ],
      "submitted_samples": [
        50000,
        50000,
        50000,
        50000,
        50000,
        50000,
        50000,
        50000,
        50000,
        50000
      ],
      "target_events": 50000,
      "trials": 10
    },
    {
      "bad_marker_samples": [
        0,
        0,
        0,
        0,
        0,
        0,
        0,
        0,
        0,
        0
      ],
      "bad_retval_samples": [
        0,
        0,
        0,
        0,
        0,
        0,
        0,
        0,
        0,
        0
      ],
      "bad_size_samples": [
        0,
        0,
        0,
        0,
        0,
        0,
        0,
        0,
        0,
        0
      ],
      "dropped_samples": [
        0,
        0,
        0,
        0,
        0,
        0,
        0,
        0,
        0,
        0
      ],
      "elapsed_sec_samples": [
        0.023027483,
        0.022930355,
        0.022904106,
        0.022990175,
        0.02308378,
        0.022666695,
        0.023103224,
        0.02430384,
        0.022886523,
        0.022895026
      ],
      "event_rate_mps_samples": [
        2.171318507,
        2.18051574,
        2.183014696,
        2.174842079,
        2.166023069,
        2.205879596,
        2.164200113,
        2.057288066,
        2.184691838,
        2.183880464
      ],
      "implementation": "handwritten_c",
      "max_event_rate_mps": 2.205879596,
      "median_dropped": 0.0,
      "median_elapsed_sec": 0.022960265,
      "median_event_rate_mps": 2.1776789095,
      "median_received": 50000.0,
      "median_submitted": 50000.0,
      "min_event_rate_mps": 2.057288066,
      "name": "c_libbpf",
      "object": "results/build/ringbuf_workload/handwritten/ringbuf_emit.o",
      "oracle_passed": true,
      "poll_every": 128,
      "received_samples": [
        50000,
        50000,
        50000,
        50000,
        50000,
        50000,
        50000,
        50000,
        50000,
        50000
      ],
      "returncodes": [
        0,
        0,
        0,
        0,
        0,
        0,
        0,
        0,
        0,
        0
      ],
      "run_error_samples": [
        0,
        0,
        0,
        0,
        0,
        0,
        0,
        0,
        0,
        0
      ],
      "submitted_samples": [
        50000,
        50000,
        50000,
        50000,
        50000,
        50000,
        50000,
        50000,
        50000,
        50000
      ],
      "target_events": 50000,
      "trials": 10
    }
  ],
  "status": "ok",
  "target_events": 50000,
  "trials": 10
}
