{
  "comparison": {
    "c_median_event_rate_mps": 2.1420583850000003,
    "delta_mps": -0.06077006350000058,
    "ks_median_event_rate_mps": 2.0812883214999998,
    "ks_over_c_ratio": 0.9716300620349335,
    "overhead_pct": 2.836993796506652
  },
  "description": "XDP ring-buffer event emission workload using one libbpf runner for KernelScript-generated and hand-written C/eBPF objects",
  "poll_every": 128,
  "rows": [
    {
      "bad_marker_samples": [
        0,
        0,
        0,
        0,
        0,
        0,
        0,
        0,
        0,
        0
      ],
      "bad_retval_samples": [
        0,
        0,
        0,
        0,
        0,
        0,
        0,
        0,
        0,
        0
      ],
      "bad_size_samples": [
        0,
        0,
        0,
        0,
        0,
        0,
        0,
        0,
        0,
        0
      ],
      "dropped_samples": [
        0,
        0,
        0,
        0,
        0,
        0,
        0,
        0,
        0,
        0
      ],
      "elapsed_sec_samples": [
        0.023851143,
        0.024511251,
        0.024145222,
        0.023947025,
        0.023978,
        0.024211847,
        0.023930693,
        0.023726415,
        0.024445916,
        0.024069337
      ],
      "event_rate_mps_samples": [
        2.096335593,
        2.039879564,
        2.070803077,
        2.08794203,
        2.085244808,
        2.06510474,
        2.08936699,
        2.107355873,
        2.045331416,
        2.077331835
      ],
      "implementation": "kernelscript",
      "max_event_rate_mps": 2.107355873,
      "median_dropped": 0.0,
      "median_elapsed_sec": 0.024023668499999998,
      "median_event_rate_mps": 2.0812883214999998,
      "median_received": 50000.0,
      "median_submitted": 50000.0,
      "min_event_rate_mps": 2.039879564,
      "name": "ks_generated",
      "object": "results/build/ringbuf_workload/kernelscript/ringbuf_emit.ebpf.o",
      "oracle_passed": true,
      "poll_every": 128,
      "received_samples": [
        50000,
        50000,
        50000,
        50000,
        50000,
        50000,
        50000,
        50000,
        50000,
        50000
      ],
      "returncodes": [
        0,
        0,
        0,
        0,
        0,
        0,
        0,
        0,
        0,
        0
      ],
      "run_error_samples": [
        0,
        0,
        0,
        0,
        0,
        0,
        0,
        0,
        0,
        0
      ],
      "submitted_samples": [
        50000,
        50000,
        50000,
        50000,
        50000,
        50000,
        50000,
        50000,
        50000,
        50000
      ],
      "target_events": 50000,
      "trials": 10
    },
    {
      "bad_marker_samples": [
        0,
        0,
        0,
        0,
        0,
        0,
        0,
        0,
        0,
        0
      ],
      "bad_retval_samples": [
        0,
        0,
        0,
        0,
        0,
        0,
        0,
        0,
        0,
        0
      ],
      "bad_size_samples": [
        0,
        0,
        0,
        0,
        0,
        0,
        0,
        0,
        0,
        0
      ],
      "dropped_samples": [
        0,
        0,
        0,
        0,
        0,
        0,
        0,
        0,
        0,
        0
      ],
      "elapsed_sec_samples": [
        0.023672186,
        0.022715451,
        0.023627692,
        0.022864956,
        0.024831729,
        0.02290617,
        0.02272116,
        0.024594273,
        0.024226562,
        0.023063201
      ],
      "event_rate_mps_samples": [
        2.112183471,
        2.201144939,
        2.116160986,
        2.186752513,
        2.013552903,
        2.182817992,
        2.200591871,
        2.032993616,
        2.063850413,
        2.167955784
      ],
      "implementation": "handwritten_c",
      "max_event_rate_mps": 2.201144939,
      "median_dropped": 0.0,
      "median_elapsed_sec": 0.0233454465,
      "median_event_rate_mps": 2.1420583850000003,
      "median_received": 50000.0,
      "median_submitted": 50000.0,
      "min_event_rate_mps": 2.013552903,
      "name": "c_libbpf",
      "object": "results/build/ringbuf_workload/handwritten/ringbuf_emit.o",
      "oracle_passed": true,
      "poll_every": 128,
      "received_samples": [
        50000,
        50000,
        50000,
        50000,
        50000,
        50000,
        50000,
        50000,
        50000,
        50000
      ],
      "returncodes": [
        0,
        0,
        0,
        0,
        0,
        0,
        0,
        0,
        0,
        0
      ],
      "run_error_samples": [
        0,
        0,
        0,
        0,
        0,
        0,
        0,
        0,
        0,
        0
      ],
      "submitted_samples": [
        50000,
        50000,
        50000,
        50000,
        50000,
        50000,
        50000,
        50000,
        50000,
        50000
      ],
      "target_events": 50000,
      "trials": 10
    }
  ],
  "status": "ok",
  "target_events": 50000,
  "trials": 10
}
