name,implementation,object,trials,target_events,poll_every,median_submitted,median_received,median_dropped,median_elapsed_sec,median_event_rate_mps,min_event_rate_mps,max_event_rate_mps,oracle_passed,returncodes,submitted_samples,received_samples,dropped_samples,bad_size_samples,bad_marker_samples,bad_retval_samples,run_error_samples,elapsed_sec_samples,event_rate_mps_samples
ks_generated,kernelscript,results/build/ringbuf_workload/kernelscript/ringbuf_emit.ebpf.o,10,50000,128,50000.0,50000.0,0.0,0.0238897345,2.0929491725,2.024285679,2.119335366,True,0 0 0 0 0 0 0 0 0 0,50000 50000 50000 50000 50000 50000 50000 50000 50000 50000,50000 50000 50000 50000 50000 50000 50000 50000 50000 50000,0 0 0 0 0 0 0 0 0 0,0 0 0 0 0 0 0 0 0 0,0 0 0 0 0 0 0 0 0 0,0 0 0 0 0 0 0 0 0 0,0 0 0 0 0 0 0 0 0 0,0.024580479 0.023592302 0.024700071 0.023890506 0.023815004 0.023835466 0.024306341 0.023888963 0.023866689 0.024096164,2.034134485 2.119335366 2.024285679 2.092881582 2.099516758 2.097714389 2.057076382 2.093016763 2.094970107 2.075019078
c_libbpf,handwritten_c,results/build/ringbuf_workload/handwritten/ringbuf_emit.o,10,50000,128,50000.0,50000.0,0.0,0.022960265,2.1776789095,2.057288066,2.205879596,True,0 0 0 0 0 0 0 0 0 0,50000 50000 50000 50000 50000 50000 50000 50000 50000 50000,50000 50000 50000 50000 50000 50000 50000 50000 50000 50000,0 0 0 0 0 0 0 0 0 0,0 0 0 0 0 0 0 0 0 0,0 0 0 0 0 0 0 0 0 0,0 0 0 0 0 0 0 0 0 0,0 0 0 0 0 0 0 0 0 0,0.023027483 0.022930355 0.022904106 0.022990175 0.02308378 0.022666695 0.023103224 0.02430384 0.022886523 0.022895026,2.171318507 2.18051574 2.183014696 2.174842079 2.166023069 2.205879596 2.164200113 2.057288066 2.184691838 2.183880464
