{
  "bytes_per_trial": 1048576,
  "description": "loopback TCP workload using selected BPF tcp_congestion_ops",
  "rows": [
    {
      "attach_ok_samples": [
        1,
        1,
        1,
        1,
        1,
        1,
        1,
        1,
        1,
        1
      ],
      "bytes_per_trial": 1048576,
      "bytes_received_samples": [
        1048576,
        1048576,
        1048576,
        1048576,
        1048576,
        1048576,
        1048576,
        1048576,
        1048576,
        1048576
      ],
      "cc_name": "minimal_cc",
      "cc_selected_samples": [
        1,
        1,
        1,
        1,
        1,
        1,
        1,
        1,
        1,
        1
      ],
      "client_ok_samples": [
        1,
        1,
        1,
        1,
        1,
        1,
        1,
        1,
        1,
        1
      ],
      "detach_ok_samples": [
        1,
        1,
        1,
        1,
        1,
        1,
        1,
        1,
        1,
        1
      ],
      "elapsed_sec_samples": [
        0.036066,
        0.037337,
        0.041489,
        0.03874,
        0.039038,
        0.040123,
        0.030076,
        0.029969,
        0.039937,
        0.038566
      ],
      "implementation": "kernelscript",
      "load_ok_samples": [
        1,
        1,
        1,
        1,
        1,
        1,
        1,
        1,
        1,
        1
      ],
      "map_name": "minimal_congestion_control",
      "median_elapsed_sec": 0.038653,
      "median_mib_per_sec": 25.871344,
      "name": "ks_generated",
      "object": "results/build/struct_ops_workload/kernelscript/struct_ops_simple.ebpf.o",
      "oracle_passed": true,
      "returncodes": [
        0,
        0,
        0,
        0,
        0,
        0,
        0,
        0,
        0,
        0
      ],
      "trials": 10,
      "workload_ok_samples": [
        1,
        1,
        1,
        1,
        1,
        1,
        1,
        1,
        1,
        1
      ]
    },
    {
      "attach_ok_samples": [
        1,
        1,
        1,
        1,
        1,
        1,
        1,
        1,
        1,
        1
      ],
      "bytes_per_trial": 1048576,
      "bytes_received_samples": [
        1048576,
        1048576,
        1048576,
        1048576,
        1048576,
        1048576,
        1048576,
        1048576,
        1048576,
        1048576
      ],
      "cc_name": "ks_paper_cc",
      "cc_selected_samples": [
        1,
        1,
        1,
        1,
        1,
        1,
        1,
        1,
        1,
        1
      ],
      "client_ok_samples": [
        1,
        1,
        1,
        1,
        1,
        1,
        1,
        1,
        1,
        1
      ],
      "detach_ok_samples": [
        1,
        1,
        1,
        1,
        1,
        1,
        1,
        1,
        1,
        1
      ],
      "elapsed_sec_samples": [
        0.03865,
        0.025949,
        0.0317,
        0.031775,
        0.039756,
        0.032874,
        0.030426,
        0.035629,
        0.03506,
        0.040613
      ],
      "implementation": "handwritten_c",
      "load_ok_samples": [
        1,
        1,
        1,
        1,
        1,
        1,
        1,
        1,
        1,
        1
      ],
      "map_name": "ks_paper_cc",
      "median_elapsed_sec": 0.033967,
      "median_mib_per_sec": 29.470855,
      "name": "c_libbpf",
      "object": "results/build/struct_ops_workload/handwritten/struct_ops_tcp_cc.o",
      "oracle_passed": true,
      "returncodes": [
        0,
        0,
        0,
        0,
        0,
        0,
        0,
        0,
        0,
        0
      ],
      "trials": 10,
      "workload_ok_samples": [
        1,
        1,
        1,
        1,
        1,
        1,
        1,
        1,
        1,
        1
      ]
    }
  ],
  "status": "ok",
  "trials": 10
}
