{
  "bytes_per_trial": 1048576,
  "description": "loopback TCP workload using selected BPF tcp_congestion_ops",
  "rows": [
    {
      "attach_ok_samples": [
        1,
        1,
        1,
        1,
        1,
        1,
        1,
        1,
        1,
        1
      ],
      "bytes_per_trial": 1048576,
      "bytes_received_samples": [
        1048576,
        1048576,
        1048576,
        1048576,
        1048576,
        1048576,
        1048576,
        1048576,
        1048576,
        1048576
      ],
      "cc_name": "minimal_cc",
      "cc_selected_samples": [
        1,
        1,
        1,
        1,
        1,
        1,
        1,
        1,
        1,
        1
      ],
      "client_ok_samples": [
        1,
        1,
        1,
        1,
        1,
        1,
        1,
        1,
        1,
        1
      ],
      "detach_ok_samples": [
        1,
        1,
        1,
        1,
        1,
        1,
        1,
        1,
        1,
        1
      ],
      "elapsed_sec_samples": [
        0.034653,
        0.037206,
        0.031099,
        0.037501,
        0.031985,
        0.030693,
        0.043146,
        0.030377,
        0.037093,
        0.027525
      ],
      "implementation": "kernelscript",
      "load_ok_samples": [
        1,
        1,
        1,
        1,
        1,
        1,
        1,
        1,
        1,
        1
      ],
      "map_name": "minimal_congestion_control",
      "median_elapsed_sec": 0.033319,
      "median_mib_per_sec": 30.061093,
      "name": "ks_generated",
      "object": "results/build/struct_ops_workload/kernelscript/struct_ops_simple.ebpf.o",
      "oracle_passed": true,
      "returncodes": [
        0,
        0,
        0,
        0,
        0,
        0,
        0,
        0,
        0,
        0
      ],
      "trials": 10,
      "workload_ok_samples": [
        1,
        1,
        1,
        1,
        1,
        1,
        1,
        1,
        1,
        1
      ]
    },
    {
      "attach_ok_samples": [
        1,
        1,
        1,
        1,
        1,
        1,
        1,
        1,
        1,
        1
      ],
      "bytes_per_trial": 1048576,
      "bytes_received_samples": [
        1048576,
        1048576,
        1048576,
        1048576,
        1048576,
        1048576,
        1048576,
        1048576,
        1048576,
        1048576
      ],
      "cc_name": "ks_paper_cc",
      "cc_selected_samples": [
        1,
        1,
        1,
        1,
        1,
        1,
        1,
        1,
        1,
        1
      ],
      "client_ok_samples": [
        1,
        1,
        1,
        1,
        1,
        1,
        1,
        1,
        1,
        1
      ],
      "detach_ok_samples": [
        1,
        1,
        1,
        1,
        1,
        1,
        1,
        1,
        1,
        1
      ],
      "elapsed_sec_samples": [
        0.043651,
        0.040474,
        0.039364,
        0.036785,
        0.035756,
        0.036499,
        0.036582,
        0.033912,
        0.033538,
        0.035517
      ],
      "implementation": "handwritten_c",
      "load_ok_samples": [
        1,
        1,
        1,
        1,
        1,
        1,
        1,
        1,
        1,
        1
      ],
      "map_name": "ks_paper_cc",
      "median_elapsed_sec": 0.036541,
      "median_mib_per_sec": 27.36693,
      "name": "c_libbpf",
      "object": "results/build/struct_ops_workload/handwritten/struct_ops_tcp_cc.o",
      "oracle_passed": true,
      "returncodes": [
        0,
        0,
        0,
        0,
        0,
        0,
        0,
        0,
        0,
        0
      ],
      "trials": 10,
      "workload_ok_samples": [
        1,
        1,
        1,
        1,
        1,
        1,
        1,
        1,
        1,
        1
      ]
    }
  ],
  "status": "ok",
  "trials": 10
}
