name,implementation,object,map_name,cc_name,trials,bytes_per_trial,oracle_passed,returncodes,load_ok_samples,attach_ok_samples,client_ok_samples,cc_selected_samples,bytes_received_samples,workload_ok_samples,detach_ok_samples,elapsed_sec_samples,median_elapsed_sec,median_mib_per_sec
ks_generated,kernelscript,results/build/struct_ops_workload/kernelscript/struct_ops_simple.ebpf.o,minimal_congestion_control,minimal_cc,10,1048576,True,0 0 0 0 0 0 0 0 0 0,1 1 1 1 1 1 1 1 1 1,1 1 1 1 1 1 1 1 1 1,1 1 1 1 1 1 1 1 1 1,1 1 1 1 1 1 1 1 1 1,1048576 1048576 1048576 1048576 1048576 1048576 1048576 1048576 1048576 1048576,1 1 1 1 1 1 1 1 1 1,1 1 1 1 1 1 1 1 1 1,0.036066 0.037337 0.041489 0.03874 0.039038 0.040123 0.030076 0.029969 0.039937 0.038566,0.038653,25.871344
c_libbpf,handwritten_c,results/build/struct_ops_workload/handwritten/struct_ops_tcp_cc.o,ks_paper_cc,ks_paper_cc,10,1048576,True,0 0 0 0 0 0 0 0 0 0,1 1 1 1 1 1 1 1 1 1,1 1 1 1 1 1 1 1 1 1,1 1 1 1 1 1 1 1 1 1,1 1 1 1 1 1 1 1 1 1,1048576 1048576 1048576 1048576 1048576 1048576 1048576 1048576 1048576 1048576,1 1 1 1 1 1 1 1 1 1,1 1 1 1 1 1 1 1 1 1,0.03865 0.025949 0.0317 0.031775 0.039756 0.032874 0.030426 0.035629 0.03506 0.040613,0.033967,29.470855
