{
  "bytes_per_trial": 1048576,
  "description": "loopback TCP workload using selected BPF tcp_congestion_ops",
  "rows": [
    {
      "attach_ok_samples": [
        1,
        1,
        1,
        1,
        1,
        1,
        1,
        1,
        1,
        1
      ],
      "bytes_per_trial": 1048576,
      "bytes_received_samples": [
        1048576,
        1048576,
        1048576,
        1048576,
        1048576,
        1048576,
        1048576,
        1048576,
        1048576,
        1048576
      ],
      "cc_name": "minimal_cc",
      "cc_selected_samples": [
        1,
        1,
        1,
        1,
        1,
        1,
        1,
        1,
        1,
        1
      ],
      "client_ok_samples": [
        1,
        1,
        1,
        1,
        1,
        1,
        1,
        1,
        1,
        1
      ],
      "detach_ok_samples": [
        1,
        1,
        1,
        1,
        1,
        1,
        1,
        1,
        1,
        1
      ],
      "elapsed_sec_samples": [
        0.035235,
        0.035501,
        0.029526,
        0.03393,
        0.038885,
        0.027451,
        0.02774,
        0.027846,
        0.033486,
        0.032925
      ],
      "implementation": "kernelscript",
      "load_ok_samples": [
        1,
        1,
        1,
        1,
        1,
        1,
        1,
        1,
        1,
        1
      ],
      "map_name": "minimal_congestion_control",
      "median_elapsed_sec": 0.033205,
      "median_mib_per_sec": 30.117642,
      "name": "ks_generated",
      "object": "results/build/struct_ops_workload/kernelscript/struct_ops_simple.ebpf.o",
      "oracle_passed": true,
      "returncodes": [
        0,
        0,
        0,
        0,
        0,
        0,
        0,
        0,
        0,
        0
      ],
      "trials": 10,
      "workload_ok_samples": [
        1,
        1,
        1,
        1,
        1,
        1,
        1,
        1,
        1,
        1
      ]
    },
    {
      "attach_ok_samples": [
        1,
        1,
        1,
        1,
        1,
        1,
        1,
        1,
        1,
        1
      ],
      "bytes_per_trial": 1048576,
      "bytes_received_samples": [
        1048576,
        1048576,
        1048576,
        1048576,
        1048576,
        1048576,
        1048576,
        1048576,
        1048576,
        1048576
      ],
      "cc_name": "ks_paper_cc",
      "cc_selected_samples": [
        1,
        1,
        1,
        1,
        1,
        1,
        1,
        1,
        1,
        1
      ],
      "client_ok_samples": [
        1,
        1,
        1,
        1,
        1,
        1,
        1,
        1,
        1,
        1
      ],
      "detach_ok_samples": [
        1,
        1,
        1,
        1,
        1,
        1,
        1,
        1,
        1,
        1
      ],
      "elapsed_sec_samples": [
        0.034671,
        0.034659,
        0.033654,
        0.035229,
        0.040356,
        0.032648,
        0.032696,
        0.02785,
        0.026556,
        0.030876
      ],
      "implementation": "handwritten_c",
      "load_ok_samples": [
        1,
        1,
        1,
        1,
        1,
        1,
        1,
        1,
        1,
        1
      ],
      "map_name": "ks_paper_cc",
      "median_elapsed_sec": 0.033175,
      "median_mib_per_sec": 30.149465,
      "name": "c_libbpf",
      "object": "results/build/struct_ops_workload/handwritten/struct_ops_tcp_cc.o",
      "oracle_passed": true,
      "returncodes": [
        0,
        0,
        0,
        0,
        0,
        0,
        0,
        0,
        0,
        0
      ],
      "trials": 10,
      "workload_ok_samples": [
        1,
        1,
        1,
        1,
        1,
        1,
        1,
        1,
        1,
        1
      ]
    }
  ],
  "status": "ok",
  "trials": 10
}
