name,implementation,object,map_name,cc_name,flags_map,trials,bytes_per_trial,oracle_passed,returncodes,load_ok_samples,attach_ok_samples,client_ok_samples,cc_selected_samples,bytes_received_samples,workload_ok_samples,callback_map_found_samples,callback_flags_by_slot,required_callback_ok_counts,callback_any_samples,callback_positive_slots_samples,callback_required_samples,callback_oracle_samples,detach_ok_samples,elapsed_sec_samples,median_elapsed_sec,median_mib_per_sec
ks_generated,kernelscript,results/build/struct_ops_callback_workload/kernelscript/struct_ops_callback_count.ebpf.o,minimal_congestion_control,minimal_cc,callback_flags,10,4194304,True,0 0 0 0 0 0 0 0 0 0,1 1 1 1 1 1 1 1 1 1,1 1 1 1 1 1 1 1 1 1,1 1 1 1 1 1 1 1 1 1,1 1 1 1 1 1 1 1 1 1,4194304 4194304 4194304 4194304 4194304 4194304 4194304 4194304 4194304 4194304,1 1 1 1 1 1 1 1 1 1,1 1 1 1 1 1 1 1 1 1,ssthresh:0 0 0 0 0 0 0 0 0 0;undo_cwnd:0 0 0 0 0 0 0 0 0 0;cong_avoid:1 1 1 1 1 1 1 1 1 1;set_state:0 0 0 0 0 0 0 0 0 0;cwnd_event:1 1 1 1 1 1 1 1 1 1,10 10,1 1 1 1 1 1 1 1 1 1,2 2 2 2 2 2 2 2 2 2,1 1 1 1 1 1 1 1 1 1,1 1 1 1 1 1 1 1 1 1,1 1 1 1 1 1 1 1 1 1,0.035527 0.032064 0.039879 0.033555 0.033949 0.037499 0.034828 0.042765 0.039081 0.031638,0.035178,113.720272
c_libbpf,handwritten_c,results/build/struct_ops_callback_workload/handwritten/struct_ops_tcp_callback_flags.o,ks_paper_cb_cc,ks_cb_cc,callback_flags,10,4194304,True,0 0 0 0 0 0 0 0 0 0,1 1 1 1 1 1 1 1 1 1,1 1 1 1 1 1 1 1 1 1,1 1 1 1 1 1 1 1 1 1,1 1 1 1 1 1 1 1 1 1,4194304 4194304 4194304 4194304 4194304 4194304 4194304 4194304 4194304 4194304,1 1 1 1 1 1 1 1 1 1,1 1 1 1 1 1 1 1 1 1,ssthresh:0 0 0 0 0 0 0 0 0 0;undo_cwnd:0 0 0 0 0 0 0 0 0 0;cong_avoid:1 1 1 1 1 1 1 1 1 1;set_state:0 0 0 0 0 0 0 0 0 0;cwnd_event:1 1 1 1 1 1 1 1 1 1,10 10,1 1 1 1 1 1 1 1 1 1,2 2 2 2 2 2 2 2 2 2,1 1 1 1 1 1 1 1 1 1,1 1 1 1 1 1 1 1 1 1,1 1 1 1 1 1 1 1 1 1,0.032095 0.03569 0.030611 0.035839 0.03998 0.025424 0.02975 0.024656 0.041227 0.041959,0.033892,118.353108
