name,implementation,object,map_name,cc_name,trials,bytes_per_trial,oracle_passed,returncodes,load_ok_samples,attach_ok_samples,client_ok_samples,cc_selected_samples,bytes_received_samples,workload_ok_samples,detach_ok_samples,elapsed_sec_samples,median_elapsed_sec,median_mib_per_sec
ks_generated,kernelscript,results/build/struct_ops_workload/kernelscript/struct_ops_simple.ebpf.o,minimal_congestion_control,minimal_cc,10,1048576,True,0 0 0 0 0 0 0 0 0 0,1 1 1 1 1 1 1 1 1 1,1 1 1 1 1 1 1 1 1 1,1 1 1 1 1 1 1 1 1 1,1 1 1 1 1 1 1 1 1 1,1048576 1048576 1048576 1048576 1048576 1048576 1048576 1048576 1048576 1048576,1 1 1 1 1 1 1 1 1 1,1 1 1 1 1 1 1 1 1 1,0.035235 0.035501 0.029526 0.03393 0.038885 0.027451 0.02774 0.027846 0.033486 0.032925,0.033205,30.117642
c_libbpf,handwritten_c,results/build/struct_ops_workload/handwritten/struct_ops_tcp_cc.o,ks_paper_cc,ks_paper_cc,10,1048576,True,0 0 0 0 0 0 0 0 0 0,1 1 1 1 1 1 1 1 1 1,1 1 1 1 1 1 1 1 1 1,1 1 1 1 1 1 1 1 1 1,1 1 1 1 1 1 1 1 1 1,1048576 1048576 1048576 1048576 1048576 1048576 1048576 1048576 1048576 1048576,1 1 1 1 1 1 1 1 1 1,1 1 1 1 1 1 1 1 1 1,0.034671 0.034659 0.033654 0.035229 0.040356 0.032648 0.032696 0.02785 0.026556 0.030876,0.033175,30.149465
