{
  "comparisons": {
    "count": {
      "c_median_receiver_gbps": 90.60518606999803,
      "delta_gbps": -3.63541962798422,
      "ks_median_receiver_gbps": 86.9697664420138,
      "ks_over_c_ratio": 0.9598762522801328,
      "overhead_pct": 4.012374771986712
    },
    "pass": {
      "c_median_receiver_gbps": 87.37193137751461,
      "delta_gbps": -0.6762318838331112,
      "ks_median_receiver_gbps": 86.6956994936815,
      "ks_over_c_ratio": 0.9922603074789401,
      "overhead_pct": 0.7739692521059929
    }
  },
  "description": "iperf3 TCP over veth/netns with TC ingress objects attached on the receiver-side veth.",
  "rows": [
    {
      "bench": "pass",
      "implementation": "kernelscript",
      "max_receiver_gbps": 93.94116554900509,
      "median_receiver_gbps": 86.6956994936815,
      "median_sender_gbps": 86.71726550678531,
      "median_tc_map_mpps": 0.0,
      "min_receiver_gbps": 78.1096323578611,
      "name": "ks_pass",
      "object": "results/build/tc_traffic/ks_pass/tc_pass.ebpf.o",
      "oracle_passed": true,
      "receiver_gbps_samples": [
        85.6693254355387,
        93.94116554900509,
        91.31345188750369,
        87.72207355182432,
        82.16927378750847,
        84.19137050782206,
        78.1096323578611,
        90.19121440753447,
        84.83068682312093,
        89.19624959209314
      ],
      "retransmits_samples": [
        0,
        0,
        0,
        0,
        0,
        0,
        0,
        0,
        0,
        0
      ],
      "seconds_per_trial": 1,
      "sender_gbps_samples": [
        85.68977541444355,
        93.97043182004269,
        91.3243948928181,
        87.74475559912706,
        82.18740082213166,
        84.2132199955482,
        78.1158733459376,
        90.20400449799969,
        84.84170410361129,
        89.2236737977897
      ],
      "tc_map_count_samples": [
        "",
        "",
        "",
        "",
        "",
        "",
        "",
        "",
        "",
        ""
      ],
      "tc_map_mpps_samples": [],
      "trials": 10
    },
    {
      "bench": "pass",
      "implementation": "handwritten_c",
      "max_receiver_gbps": 93.5149943393401,
      "median_receiver_gbps": 87.37193137751461,
      "median_sender_gbps": 87.38371369016672,
      "median_tc_map_mpps": 0.0,
      "min_receiver_gbps": 82.93289095910654,
      "name": "c_pass",
      "object": "results/build/tc_traffic/handwritten/c_pass.o",
      "oracle_passed": true,
      "receiver_gbps_samples": [
        92.9145394394773,
        89.34601419484527,
        86.23311122935183,
        85.61996544926934,
        82.93289095910654,
        84.7720304171729,
        88.27409671753453,
        86.46976603749471,
        93.5149943393401,
        91.51861983035414
      ],
      "retransmits_samples": [
        0,
        0,
        0,
        0,
        0,
        0,
        0,
        0,
        0,
        0
      ],
      "seconds_per_trial": 1,
      "sender_gbps_samples": [
        92.93253184406613,
        89.3644773216892,
        86.2510205838155,
        85.62415505848446,
        82.95649803240046,
        84.77651607698745,
        88.29006294512013,
        86.4773644352133,
        93.5381535886687,
        91.52848895865034
      ],
      "tc_map_count_samples": [
        "",
        "",
        "",
        "",
        "",
        "",
        "",
        "",
        "",
        ""
      ],
      "tc_map_mpps_samples": [],
      "trials": 10
    },
    {
      "bench": "count",
      "implementation": "kernelscript",
      "max_receiver_gbps": 93.4262590428756,
      "median_receiver_gbps": 86.9697664420138,
      "median_sender_gbps": 86.98910560934617,
      "median_tc_map_mpps": 0.2488264914017161,
      "min_receiver_gbps": 81.36827859330025,
      "name": "ks_count",
      "object": "results/build/tc_traffic/ks_count/tc_count.ebpf.o",
      "oracle_passed": true,
      "receiver_gbps_samples": [
        87.4850212223219,
        85.3539116481593,
        81.36827859330025,
        93.4262590428756,
        84.1576454170023,
        86.45451166170571,
        93.0042488399478,
        88.6330439919924,
        83.71132710698507,
        89.53520177581885
      ],
      "retransmits_samples": [
        0,
        0,
        0,
        0,
        0,
        0,
        0,
        0,
        0,
        0
      ],
      "seconds_per_trial": 1,
      "sender_gbps_samples": [
        87.50807698949934,
        85.3584317487153,
        81.3863924729841,
        93.4403476982567,
        84.1601657936743,
        86.470134229193,
        93.01494143087224,
        88.6544545639666,
        83.72662863718134,
        89.55880036739747
      ],
      "tc_map_count_samples": [
        250789,
        244232,
        233272,
        267621,
        241217,
        247819,
        266197,
        254090,
        239814,
        256314
      ],
      "tc_map_mpps_samples": [
        0.25028567550655634,
        0.2440216533348254,
        0.23281846962117794,
        0.26722577308161233,
        0.2407939250736456,
        0.24736730729687587,
        0.2660942876049845,
        0.2535711933384296,
        0.2394940359679468,
        0.25582690557179133
      ],
      "trials": 10
    },
    {
      "bench": "count",
      "implementation": "handwritten_c",
      "max_receiver_gbps": 95.4024123036597,
      "median_receiver_gbps": 90.60518606999803,
      "median_sender_gbps": 90.61911785959103,
      "median_tc_map_mpps": 0.25921653101999886,
      "min_receiver_gbps": 82.51831666270776,
      "name": "c_count",
      "object": "results/build/tc_traffic/handwritten/c_count.o",
      "oracle_passed": true,
      "receiver_gbps_samples": [
        95.24685901186301,
        83.71270206522696,
        82.58738087178794,
        93.3508840541226,
        84.2956385487578,
        89.45892415086996,
        82.51831666270776,
        94.07028758279533,
        91.75144798912609,
        95.4024123036597
      ],
      "retransmits_samples": [
        0,
        0,
        0,
        0,
        0,
        0,
        0,
        0,
        0,
        0
      ],
      "seconds_per_trial": 1,
      "sender_gbps_samples": [
        95.25741567323121,
        83.71973053042329,
        82.594143413922,
        93.359831155217,
        84.31272015811857,
        89.48330299406457,
        82.53437935168556,
        94.08878851439246,
        91.7549327251175,
        95.41480299479089
      ],
      "tc_map_count_samples": [
        272803,
        239269,
        236633,
        267415,
        241516,
        256456,
        236520,
        269402,
        262650,
        273220
      ],
      "tc_map_mpps_samples": [
        0.2723666685969077,
        0.2391331723581006,
        0.2362774025092236,
        0.2669542369869605,
        0.24103802160316093,
        0.25593006371905735,
        0.2360568564476497,
        0.2688996953690506,
        0.2625029983209403,
        0.27292851234881144
      ],
      "trials": 10
    }
  ],
  "seconds_per_trial": 1,
  "status": "ok",
  "trials": 10
}
