{
  "comparisons": {
    "count": {
      "c_median_receiver_gbps": 90.70722220965433,
      "delta_gbps": 2.25650654604965,
      "ks_median_receiver_gbps": 92.96372875570398,
      "ks_over_c_ratio": 1.024876812353862,
      "overhead_pct": -2.487681235386217
    },
    "pass": {
      "c_median_receiver_gbps": 92.00569676868702,
      "delta_gbps": -2.0881452407315777,
      "ks_median_receiver_gbps": 89.91755152795544,
      "ks_over_c_ratio": 0.9773041744797454,
      "overhead_pct": 2.269582552025465
    }
  },
  "description": "iperf3 TCP over veth/netns with TC ingress objects attached on the receiver-side veth.",
  "rows": [
    {
      "bench": "pass",
      "implementation": "kernelscript",
      "max_receiver_gbps": 97.53630589881836,
      "median_receiver_gbps": 89.91755152795544,
      "median_sender_gbps": 89.9414053991461,
      "median_tc_map_mpps": 0.0,
      "min_receiver_gbps": 83.6646486098082,
      "name": "ks_pass",
      "object": "results/build/tc_traffic/ks_pass/tc_pass.ebpf.o",
      "oracle_passed": true,
      "receiver_gbps_samples": [
        87.13791720023036,
        91.08951958162002,
        91.31137082706286,
        83.6646486098082,
        97.53630589881836,
        91.34203597454183,
        88.74558347429085,
        87.8032058853467,
        84.75863662267591,
        91.66739542984325
      ],
      "retransmits_samples": [
        0,
        0,
        0,
        0,
        0,
        0,
        0,
        0,
        0,
        0
      ],
      "seconds_per_trial": 1,
      "sender_gbps_samples": [
        87.1609708020598,
        91.1085240144507,
        91.34336669325478,
        83.68653027976818,
        97.55461425483374,
        91.3518873392465,
        88.7742867838415,
        87.82967533789855,
        84.7749662993132,
        91.68615479220948
      ],
      "tc_map_count_samples": [
        "",
        "",
        "",
        "",
        "",
        "",
        "",
        "",
        "",
        ""
      ],
      "tc_map_mpps_samples": [],
      "trials": 10
    },
    {
      "bench": "pass",
      "implementation": "handwritten_c",
      "max_receiver_gbps": 103.56885018075404,
      "median_receiver_gbps": 92.00569676868702,
      "median_sender_gbps": 92.0121041138259,
      "median_tc_map_mpps": 0.0,
      "min_receiver_gbps": 83.7019044024705,
      "name": "c_pass",
      "object": "results/build/tc_traffic/handwritten/c_pass.o",
      "oracle_passed": true,
      "receiver_gbps_samples": [
        96.6217003967659,
        92.87867059094945,
        90.66165163585475,
        83.7019044024705,
        94.219745101678,
        88.46286602576069,
        90.94204372392036,
        103.56885018075404,
        91.13272294642456,
        99.1810371269366
      ],
      "retransmits_samples": [
        0,
        0,
        0,
        0,
        0,
        0,
        0,
        0,
        0,
        0
      ],
      "seconds_per_trial": 1,
      "sender_gbps_samples": [
        96.6260460049273,
        92.88256664452757,
        90.68102190757546,
        83.7106802107704,
        94.24043079170751,
        88.46825395240539,
        90.95648068403852,
        103.59128654673019,
        91.14164158312421,
        99.2010369168017
      ],
      "tc_map_count_samples": [
        "",
        "",
        "",
        "",
        "",
        "",
        "",
        "",
        "",
        ""
      ],
      "tc_map_mpps_samples": [],
      "trials": 10
    },
    {
      "bench": "count",
      "implementation": "kernelscript",
      "max_receiver_gbps": 96.7921139325809,
      "median_receiver_gbps": 92.96372875570398,
      "median_sender_gbps": 92.98232716669432,
      "median_tc_map_mpps": 0.26587145982221894,
      "min_receiver_gbps": 83.41607838010198,
      "name": "ks_count",
      "object": "results/build/tc_traffic/ks_count/tc_count.ebpf.o",
      "oracle_passed": true,
      "receiver_gbps_samples": [
        83.41607838010198,
        96.7921139325809,
        89.43799563896195,
        93.6707017151618,
        92.53795455294615,
        84.64894643889377,
        95.97666917312004,
        93.54024555113254,
        93.3895029584618,
        86.58816661094338
      ],
      "retransmits_samples": [
        0,
        0,
        0,
        0,
        0,
        0,
        0,
        0,
        0,
        0
      ],
      "seconds_per_trial": 1,
      "sender_gbps_samples": [
        83.4339810775684,
        96.79858878689427,
        89.46549450110656,
        93.68893663028493,
        92.54849326727985,
        84.67067115112683,
        95.9841453576568,
        93.55014377242391,
        93.4161610661088,
        86.61072745314529
      ],
      "tc_map_count_samples": [
        239101,
        277376,
        256257,
        268437,
        264825,
        242579,
        274755,
        268104,
        267805,
        248252
      ],
      "tc_map_mpps_samples": [
        0.23862637214580198,
        0.27692046583370356,
        0.25573147182539885,
        0.26793114599635887,
        0.2645284635923131,
        0.2421815800271754,
        0.27436677101900814,
        0.26761480014533434,
        0.2672144560521248,
        0.2477626687292597
      ],
      "trials": 10
    },
    {
      "bench": "count",
      "implementation": "handwritten_c",
      "max_receiver_gbps": 95.77577240825886,
      "median_receiver_gbps": 90.70722220965433,
      "median_sender_gbps": 90.72693097941998,
      "median_tc_map_mpps": 0.2594555632042025,
      "min_receiver_gbps": 86.12714430320104,
      "name": "c_count",
      "object": "results/build/tc_traffic/handwritten/c_count.o",
      "oracle_passed": true,
      "receiver_gbps_samples": [
        86.73447748269051,
        87.78186492505267,
        90.38762547761546,
        91.39666049185566,
        94.59728045404952,
        95.77577240825886,
        86.92270253168981,
        92.34515587455763,
        86.12714430320104,
        91.02681894169321
      ],
      "retransmits_samples": [
        0,
        0,
        0,
        0,
        0,
        0,
        0,
        0,
        0,
        0
      ],
      "seconds_per_trial": 1,
      "sender_gbps_samples": [
        86.7646876668553,
        87.78730029121907,
        90.40350708213036,
        91.4108020144445,
        94.61437439100361,
        95.7802710713936,
        86.94682600895877,
        92.3642421579826,
        86.1404729113813,
        91.05035487670959
      ],
      "tc_map_count_samples": [
        248624,
        251412,
        259108,
        261776,
        271103,
        274091,
        249191,
        264620,
        246849,
        260792
      ],
      "tc_map_mpps_samples": [
        0.24804357802741583,
        0.2510680367895982,
        0.258629019056707,
        0.26127435324177584,
        0.27060805786217,
        0.27390775571142906,
        0.248698825025275,
        0.2641616794860916,
        0.2464207207872717,
        0.260282107351698
      ],
      "trials": 10
    }
  ],
  "run_label": "default",
  "seconds_per_trial": 1,
  "status": "ok",
  "trials": 10
}
