name,bench,implementation,object,trials,seconds_per_trial,median_receiver_gbps,min_receiver_gbps,max_receiver_gbps,median_sender_gbps,median_tc_map_mpps,oracle_passed,receiver_gbps_samples,sender_gbps_samples,retransmits_samples,tc_map_count_samples,tc_map_mpps_samples
ks_pass,pass,kernelscript,results/build/tc_traffic_stress/ks_pass/tc_pass.ebpf.o,3,5,88.98065820420116,81.4536398640236,92.712968401759,88.98852187683073,0.0,True,88.98065820420116 81.4536398640236 92.712968401759,88.98852187683073 81.4570108062298 92.7173615142251,0 0 0,  ,
c_pass,pass,handwritten_c,results/build/tc_traffic_stress/handwritten/c_pass.o,3,5,87.95500687025053,87.2704183742775,90.11084022341544,87.96063409881599,0.0,True,87.95500687025053 90.11084022341544 87.2704183742775,87.96063409881599 90.11696706454146 87.27226279157347,0 0 0,  ,
ks_count,count,kernelscript,results/build/tc_traffic_stress/ks_count/tc_count.ebpf.o,3,5,86.48078904556317,83.8046649628025,91.39755658279883,86.4856244487278,0.24736095627830532,True,86.48078904556317 91.39755658279883 83.8046649628025,86.4856244487278 91.4017963372635 83.8099425034586,468 0 0,1672377 1307738 1199278,0.24736095627830532 0.2614681136934372 0.23974268119715617
c_count,count,handwritten_c,results/build/tc_traffic_stress/handwritten/c_count.o,3,5,91.05709626729663,89.2633130473083,97.32306589988045,91.06071951652585,0.2604774525201771,True,91.05709626729663 97.32306589988045 89.2633130473083,91.06071951652585 97.32787247307364 89.26729306552107,0 0 0,1302735 1392087 1277297,0.2604774525201771 0.27833495718568163 0.255375789966365
