{
  "comparisons": {
    "tc": {
      "count": {
        "c_median_receiver_gbps": 86.14141896938013,
        "delta_gbps": 3.317055706038275,
        "ks_median_receiver_gbps": 89.4584746754184,
        "ks_over_c_ratio": 1.0385070938663938,
        "overhead_pct": -3.850709386639379
      },
      "pass": {
        "c_median_receiver_gbps": 93.19077569455344,
        "delta_gbps": -7.345753634968375,
        "ks_median_receiver_gbps": 85.84502205958506,
        "ks_over_c_ratio": 0.9211750993569882,
        "overhead_pct": 7.882490064301181
      }
    },
    "xdp": {
      "count": {
        "c_median_receiver_gbps": 15.301045129197622,
        "delta_gbps": 1.9878241165156325,
        "ks_median_receiver_gbps": 17.288869245713254,
        "ks_over_c_ratio": 1.1299142705436798,
        "overhead_pct": -12.991427054367971
      },
      "pass": {
        "c_median_receiver_gbps": 17.89764638444447,
        "delta_gbps": -0.25203899412023034,
        "ks_median_receiver_gbps": 17.64560739032424,
        "ks_over_c_ratio": 0.9859177576365971,
        "overhead_pct": 1.4082242363402993
      }
    }
  },
  "description": "longer iperf3 TCP stress checks for XDP and TC pass/count objects",
  "rows": [
    {
      "bench": "pass",
      "family": "xdp",
      "implementation": "kernelscript",
      "map_mpps_samples": [],
      "max_receiver_gbps": 18.058070649577278,
      "median_map_mpps": 0.0,
      "median_receiver_gbps": 17.64560739032424,
      "median_sender_gbps": 17.64605043057169,
      "min_receiver_gbps": 1.299289376975951,
      "name": "ks_pass",
      "object": "results/build/xdp_traffic_stress/ks_pass/perf_pass.ebpf.o",
      "oracle_passed": true,
      "receiver_gbps_samples": [
        18.058070649577278,
        17.64560739032424,
        1.299289376975951
      ],
      "retransmits_samples": [
        31,
        128,
        4
      ],
      "seconds_per_trial": 5,
      "sender_gbps_samples": [
        18.058918593407274,
        17.64605043057169,
        1.3037200255182366
      ],
      "total_retransmits": 163,
      "trials": 3
    },
    {
      "bench": "pass",
      "family": "xdp",
      "implementation": "handwritten_c",
      "map_mpps_samples": [],
      "max_receiver_gbps": 17.971571593923443,
      "median_map_mpps": 0.0,
      "median_receiver_gbps": 17.89764638444447,
      "median_sender_gbps": 17.903453771044223,
      "min_receiver_gbps": 17.77982360793516,
      "name": "c_pass",
      "object": "results/build/xdp_traffic_stress/handwritten/c_pass.o",
      "oracle_passed": true,
      "receiver_gbps_samples": [
        17.971571593923443,
        17.89764638444447,
        17.77982360793516
      ],
      "retransmits_samples": [
        3,
        3,
        388
      ],
      "seconds_per_trial": 5,
      "sender_gbps_samples": [
        17.971851873475543,
        17.903453771044223,
        17.780371119409043
      ],
      "total_retransmits": 394,
      "trials": 3
    },
    {
      "bench": "count",
      "family": "xdp",
      "implementation": "kernelscript",
      "map_mpps_samples": [
        1.526594378128302,
        1.4996342898184205,
        1.4053527408334416
      ],
      "max_receiver_gbps": 17.598925462966204,
      "median_map_mpps": 1.4996342898184205,
      "median_receiver_gbps": 17.288869245713254,
      "median_sender_gbps": 17.28925297288586,
      "min_receiver_gbps": 16.20294034585458,
      "name": "ks_count",
      "object": "results/build/xdp_traffic_stress/ks_count/perf_count.ebpf.o",
      "oracle_passed": true,
      "receiver_gbps_samples": [
        17.598925462966204,
        17.288869245713254,
        16.20294034585458
      ],
      "retransmits_samples": [
        194,
        160,
        7
      ],
      "seconds_per_trial": 5,
      "sender_gbps_samples": [
        17.602594001296023,
        17.28925297288586,
        16.203760167414355
      ],
      "total_retransmits": 361,
      "trials": 3
    },
    {
      "bench": "count",
      "family": "xdp",
      "implementation": "handwritten_c",
      "map_mpps_samples": [
        1.4992134813711957,
        1.3278700586207723,
        0.9245060899889614
      ],
      "max_receiver_gbps": 17.287031850455286,
      "median_map_mpps": 1.3278700586207723,
      "median_receiver_gbps": 15.301045129197622,
      "median_sender_gbps": 15.305395620531359,
      "min_receiver_gbps": 10.653754170341347,
      "name": "c_count",
      "object": "results/build/xdp_traffic_stress/handwritten/c_count.o",
      "oracle_passed": true,
      "receiver_gbps_samples": [
        17.287031850455286,
        15.301045129197622,
        10.653754170341347
      ],
      "retransmits_samples": [
        301,
        114,
        4
      ],
      "seconds_per_trial": 5,
      "sender_gbps_samples": [
        17.287156289284972,
        15.305395620531359,
        10.657494241198643
      ],
      "total_retransmits": 419,
      "trials": 3
    },
    {
      "bench": "pass",
      "family": "tc",
      "implementation": "kernelscript",
      "map_mpps_samples": [],
      "max_receiver_gbps": 88.71905636172934,
      "median_map_mpps": 0.0,
      "median_receiver_gbps": 85.84502205958506,
      "median_sender_gbps": 85.85113288321884,
      "min_receiver_gbps": 84.94909688520083,
      "name": "ks_pass",
      "object": "results/build/tc_traffic_stress/ks_pass/tc_pass.ebpf.o",
      "oracle_passed": true,
      "receiver_gbps_samples": [
        88.71905636172934,
        85.84502205958506,
        84.94909688520083
      ],
      "retransmits_samples": [
        0,
        0,
        0
      ],
      "seconds_per_trial": 5,
      "sender_gbps_samples": [
        88.7228177239851,
        85.85113288321884,
        84.95059167928571
      ],
      "total_retransmits": 0,
      "trials": 3
    },
    {
      "bench": "pass",
      "family": "tc",
      "implementation": "handwritten_c",
      "map_mpps_samples": [],
      "max_receiver_gbps": 98.87159073350428,
      "median_map_mpps": 0.0,
      "median_receiver_gbps": 93.19077569455344,
      "median_sender_gbps": 93.1942786819789,
      "min_receiver_gbps": 87.42457909286783,
      "name": "c_pass",
      "object": "results/build/tc_traffic_stress/handwritten/c_pass.o",
      "oracle_passed": true,
      "receiver_gbps_samples": [
        98.87159073350428,
        93.19077569455344,
        87.42457909286783
      ],
      "retransmits_samples": [
        0,
        0,
        0
      ],
      "seconds_per_trial": 5,
      "sender_gbps_samples": [
        98.872519872059,
        93.1942786819789,
        87.42776087473399
      ],
      "total_retransmits": 0,
      "trials": 3
    },
    {
      "bench": "count",
      "family": "tc",
      "implementation": "kernelscript",
      "map_mpps_samples": [
        0.25587617538501767,
        0.2459556941159865,
        0.2643595870959591
      ],
      "max_receiver_gbps": 92.4045654793333,
      "median_map_mpps": 0.25587617538501767,
      "median_receiver_gbps": 89.4584746754184,
      "median_sender_gbps": 89.46226637551618,
      "min_receiver_gbps": 85.9797650537025,
      "name": "ks_count",
      "object": "results/build/tc_traffic_stress/ks_count/tc_count.ebpf.o",
      "oracle_passed": true,
      "receiver_gbps_samples": [
        89.4584746754184,
        85.9797650537025,
        92.4045654793333
      ],
      "retransmits_samples": [
        0,
        0,
        0
      ],
      "seconds_per_trial": 5,
      "sender_gbps_samples": [
        89.46226637551618,
        85.983495313186,
        92.40936890566904
      ],
      "total_retransmits": 0,
      "trials": 3
    },
    {
      "bench": "count",
      "family": "tc",
      "implementation": "handwritten_c",
      "map_mpps_samples": [
        0.26806096538864504,
        0.24642138381757048,
        0.24466600131630611
      ],
      "max_receiver_gbps": 93.6972437505637,
      "median_map_mpps": 0.24642138381757048,