name,bench,implementation,object,trials,seconds_per_trial,median_receiver_gbps,min_receiver_gbps,max_receiver_gbps,median_sender_gbps,median_xdp_map_mpps,oracle_passed,receiver_gbps_samples,sender_gbps_samples,retransmits_samples,xdp_map_count_samples,xdp_map_mpps_samples
ks_pass,pass,kernelscript,results/build/xdp_traffic_stress/ks_pass/perf_pass.ebpf.o,3,5,17.761660138607773,17.5285202478601,17.942980545420845,17.76239880638491,0.0,True,17.942980545420845 17.761660138607773 17.5285202478601,17.94323527623947 17.76239880638491 17.529389523554137,10 23 152,  ,
c_pass,pass,handwritten_c,results/build/xdp_traffic_stress/handwritten/c_pass.o,3,5,18.26146493640677,17.558029430582213,18.788342432031826,18.26238136539016,0.0,True,17.558029430582213 18.788342432031826 18.26146493640677,17.558882519284268 18.7894305554968 18.26238136539016,147 26 268,  ,
ks_count,count,kernelscript,results/build/xdp_traffic_stress/ks_count/perf_count.ebpf.o,3,5,17.768753985216236,16.95103952805946,18.28490517247412,17.769613811485776,1.5414709424375317,True,17.768753985216236 16.95103952805946 18.28490517247412,17.769613811485776 16.95116493387381 18.286023882231166,129 442 48,7709354 7352841 7936672,1.5414709424375317 1.4701835999702477 1.5867742686831547
c_count,count,handwritten_c,results/build/xdp_traffic_stress/handwritten/c_count.o,3,5,18.127208736102403,18.05398221818994,18.191627458743973,18.127930606683627,1.5727407691777062,True,18.127208736102403 18.05398221818994 18.191627458743973,18.127930606683627 18.054555858123223 18.191581474435772,358 177 0,7865772 7837202 7894577,1.5727407691777062 1.5668597217871059 1.5786868061504695
