{
  "comparisons": {
    "count": {
      "c_median_receiver_gbps": 15.301045129197622,
      "delta_gbps": 1.9878241165156325,
      "ks_median_receiver_gbps": 17.288869245713254,
      "ks_over_c_ratio": 1.1299142705436798,
      "overhead_pct": -12.991427054367971
    },
    "pass": {
      "c_median_receiver_gbps": 17.89764638444447,
      "delta_gbps": -0.25203899412023034,
      "ks_median_receiver_gbps": 17.64560739032424,
      "ks_over_c_ratio": 0.9859177576365971,
      "overhead_pct": 1.4082242363402993
    }
  },
  "description": "iperf3 TCP over veth/netns with XDP objects attached on the receiver-side veth.",
  "rows": [
    {
      "bench": "pass",
      "implementation": "kernelscript",
      "max_receiver_gbps": 18.058070649577278,
      "median_receiver_gbps": 17.64560739032424,
      "median_sender_gbps": 17.64605043057169,
      "median_xdp_map_mpps": 0.0,
      "min_receiver_gbps": 1.299289376975951,
      "name": "ks_pass",
      "object": "results/build/xdp_traffic_stress/ks_pass/perf_pass.ebpf.o",
      "oracle_passed": true,
      "receiver_gbps_samples": [
        18.058070649577278,
        17.64560739032424,
        1.299289376975951
      ],
      "retransmits_samples": [
        31,
        128,
        4
      ],
      "seconds_per_trial": 5,
      "sender_gbps_samples": [
        18.058918593407274,
        17.64605043057169,
        1.3037200255182366
      ],
      "trials": 3,
      "xdp_map_count_samples": [
        "",
        "",
        ""
      ],
      "xdp_map_mpps_samples": []
    },
    {
      "bench": "pass",
      "implementation": "handwritten_c",
      "max_receiver_gbps": 17.971571593923443,
      "median_receiver_gbps": 17.89764638444447,
      "median_sender_gbps": 17.903453771044223,
      "median_xdp_map_mpps": 0.0,
      "min_receiver_gbps": 17.77982360793516,
      "name": "c_pass",
      "object": "results/build/xdp_traffic_stress/handwritten/c_pass.o",
      "oracle_passed": true,
      "receiver_gbps_samples": [
        17.971571593923443,
        17.89764638444447,
        17.77982360793516
      ],
      "retransmits_samples": [
        3,
        3,
        388
      ],
      "seconds_per_trial": 5,
      "sender_gbps_samples": [
        17.971851873475543,
        17.903453771044223,
        17.780371119409043
      ],
      "trials": 3,
      "xdp_map_count_samples": [
        "",
        "",
        ""
      ],
      "xdp_map_mpps_samples": []
    },
    {
      "bench": "count",
      "implementation": "kernelscript",
      "max_receiver_gbps": 17.598925462966204,
      "median_receiver_gbps": 17.288869245713254,
      "median_sender_gbps": 17.28925297288586,
      "median_xdp_map_mpps": 1.4996342898184205,
      "min_receiver_gbps": 16.20294034585458,
      "name": "ks_count",
      "object": "results/build/xdp_traffic_stress/ks_count/perf_count.ebpf.o",
      "oracle_passed": true,
      "receiver_gbps_samples": [
        17.598925462966204,
        17.288869245713254,
        16.20294034585458
      ],
      "retransmits_samples": [
        194,
        160,
        7
      ],
      "seconds_per_trial": 5,
      "sender_gbps_samples": [
        17.602594001296023,
        17.28925297288586,
        16.203760167414355
      ],
      "trials": 3,
      "xdp_map_count_samples": [
        7635590,
        7500013,
        7027524
      ],
      "xdp_map_mpps_samples": [
        1.526594378128302,
        1.4996342898184205,
        1.4053527408334416
      ]
    },
    {
      "bench": "count",
      "implementation": "handwritten_c",
      "max_receiver_gbps": 17.287031850455286,
      "median_receiver_gbps": 15.301045129197622,
      "median_sender_gbps": 15.305395620531359,
      "median_xdp_map_mpps": 1.3278700586207723,
      "min_receiver_gbps": 10.653754170341347,
      "name": "c_count",
      "object": "results/build/xdp_traffic_stress/handwritten/c_count.o",
      "oracle_passed": true,
      "receiver_gbps_samples": [
        17.287031850455286,
        15.301045129197622,
        10.653754170341347
      ],
      "retransmits_samples": [
        301,
        114,
        4
      ],
      "seconds_per_trial": 5,
      "sender_gbps_samples": [
        17.287156289284972,
        15.305395620531359,
        10.657494241198643
      ],
      "trials": 3,
      "xdp_map_count_samples": [
        7497796,
        6641528,
        4623981
      ],
      "xdp_map_mpps_samples": [
        1.4992134813711957,
        1.3278700586207723,
        0.9245060899889614
      ]
    }
  ],
  "run_label": "stress",
  "seconds_per_trial": 5,
  "status": "ok",
  "trials": 3
}
