{
  "comparisons": {
    "count": {
      "c_median_receiver_gbps": 17.497422654647515,
      "delta_gbps": -0.09990318450611468,
      "ks_median_receiver_gbps": 17.3975194701414,
      "ks_over_c_ratio": 0.9942904057084327,
      "overhead_pct": 0.5709594291567236
    },
    "pass": {
      "c_median_receiver_gbps": 18.14301928506232,
      "delta_gbps": -0.3916493607146272,
      "ks_median_receiver_gbps": 17.751369924347692,
      "ks_over_c_ratio": 0.9784132202826304,
      "overhead_pct": 2.1586779717369513
    }
  },
  "description": "iperf3 TCP over veth/netns with XDP objects attached on the receiver-side veth.",
  "rows": [
    {
      "bench": "pass",
      "implementation": "kernelscript",
      "max_receiver_gbps": 18.99495614472838,
      "median_receiver_gbps": 17.751369924347692,
      "median_sender_gbps": 17.757182784170674,
      "median_xdp_map_mpps": 0.0,
      "min_receiver_gbps": 4.658668529079582,
      "name": "ks_pass",
      "object": "results/build/xdp_traffic/ks_pass/perf_pass.ebpf.o",
      "oracle_passed": true,
      "receiver_gbps_samples": [
        17.025752217246772,
        17.664162505938666,
        17.83857734275672,
        18.47319099665619,
        18.202623362075936,
        18.009667460731702,
        4.658668529079582,
        18.99495614472838,
        16.62808437255497,
        17.635544766830797
      ],
      "retransmits_samples": [
        0,
        2,
        1,
        177,
        0,
        1,
        2,
        0,
        167,
        122
      ],
      "seconds_per_trial": 1,
      "sender_gbps_samples": [
        17.031038134408817,
        17.66625453166023,
        17.848111036681118,
        18.475237961185503,
        18.206665986264802,
        18.013208919766026,
        4.688187846053739,
        18.999507233760475,
        16.632898131455008,
        17.639576694221475
      ],
      "trials": 10,
      "xdp_map_count_samples": [
        "",
        "",
        "",
        "",
        "",
        "",
        "",
        "",
        "",
        ""
      ],
      "xdp_map_mpps_samples": []
    },
    {
      "bench": "pass",
      "implementation": "handwritten_c",
      "max_receiver_gbps": 18.761830501573716,
      "median_receiver_gbps": 18.14301928506232,
      "median_sender_gbps": 18.15700118983885,
      "median_xdp_map_mpps": 0.0,
      "min_receiver_gbps": 16.706371941184514,
      "name": "c_pass",
      "object": "results/build/xdp_traffic/handwritten/c_pass.o",
      "oracle_passed": true,
      "receiver_gbps_samples": [
        17.288969497114593,
        18.761830501573716,
        17.93729204924708,
        16.706371941184514,
        18.189418144253757,
        18.124778641480138,
        18.25057304105269,
        17.495397898220045,
        18.1612599286445,
        18.66927913844016
      ],
      "retransmits_samples": [
        0,
        2,
        39,
        1320,
        0,
        0,
        0,
        10,
        5,
        0
      ],
      "seconds_per_trial": 1,
      "sender_gbps_samples": [
        17.29230045570479,
        18.767224210868857,
        17.941428378905837,
        16.717522823950347,
        18.1947208480636,
        18.131093655782156,
        18.255765523299928,
        17.501161161261084,
        18.18290872389555,
        18.68696636776451
      ],
      "trials": 10,
      "xdp_map_count_samples": [
        "",
        "",
        "",
        "",
        "",
        "",
        "",
        "",
        "",
        ""
      ],
      "xdp_map_mpps_samples": []
    },
    {
      "bench": "count",
      "implementation": "kernelscript",
      "max_receiver_gbps": 18.4302973716186,
      "median_receiver_gbps": 17.3975194701414,
      "median_sender_gbps": 17.402522330615994,
      "median_xdp_map_mpps": 1.5097657795441377,
      "min_receiver_gbps": 15.774861138789326,
      "name": "ks_count",
      "object": "results/build/xdp_traffic/ks_count/perf_count.ebpf.o",
      "oracle_passed": true,
      "receiver_gbps_samples": [
        18.4302973716186,
        17.13869581183039,
        17.41260879197645,
        17.38243014830635,
        17.963858097206188,
        17.512338616565128,
        16.795403519104322,
        15.774861138789326,
        16.303387801671605,
        18.261001370249907
      ],
      "retransmits_samples": [
        0,
        0,
        35,
        0,
        10,
        10,
        78,
        52,
        13,
        10
      ],
      "seconds_per_trial": 1,
      "sender_gbps_samples": [
        18.43274704562603,
        17.151594041965083,
        17.418745029684622,
        17.38629963154737,
        17.969392229280544,
        17.52568197066999,
        16.835594200813325,
        15.775184489711961,
        16.322693693396804,
        18.265248648896858
      ],
      "trials": 10,
      "xdp_map_count_samples": [
        1600723,
        1489774,
        1514075,
        1511541,
        1562171,
        1522754,
        1460674,
        1368815,
        1415446,
        1588243
      ],
      "xdp_map_mpps_samples": [
        1.5994945881562956,
        1.4873837742747407,
        1.5109774961329272,
        1.5085540629553482,
        1.558774430515906,
        1.5198480505273917,
        1.4580655207833186,
        1.3666420391577392,
        1.4129126476228122,
        1.5850617810055219
      ]
    },
    {
      "bench": "count",
      "implementation": "handwritten_c",
      "max_receiver_gbps": 19.04382455489096,
      "median_receiver_gbps": 17.497422654647515,
      "median_sender_gbps": 17.500478465128772,
      "median_xdp_map_mpps": 1.5182971230544424,
      "min_receiver_gbps": 16.795015093359957,
      "name": "c_count",
      "object": "results/build/xdp_traffic/handwritten/c_count.o",
      "oracle_passed": true,
      "receiver_gbps_samples": [
        17.05672828222653,
        17.484393264772972,
        17.599631503423723,
        17.971377219228803,
        16.795015093359957,
        17.434964150551714,
        19.04382455489096,
        16.931577555027797,
        17.51045204452206,
        17.65805203319635
      ],
      "retransmits_samples": [
        16,
        0,
        0,
        0,
        14,
        3,
        0,
        1,
        0,
        0
      ],
      "seconds_per_trial": 1,
      "sender_gbps_samples": [
        17.071733229252867,
        17.48990830669842,
        17.604304313976,
        17.971999017522844,
        16.8083085955252,
        17.43867129188275,
        19.048918895718497,
        16.932964938292315,
        17.511048623559123,
        17.658546179954506
      ],
      "trials": 10,
      "xdp_map_count_samples": [
        1481286,
        1520171,
        1530657,
        1562207,
        1458901,
        1515786,
        1656224,
        1470757,
        1521911,
        1533379
      ],
      "xdp_map_mpps_samples": [
        1.4781567421768118,
        1.5169338631360676,
        1.5274097269205666,
        1.5596445040797968,
        1.4567159261108336,
        1.51280879229676,
        1.6527301285083336,
        1.4682301758673322,
        1.5196603829728172,
        1.532471776708189
      ]
    }
  ],
  "seconds_per_trial": 1,
  "status": "ok",
  "trials": 10
}
